symboling,normalized-losses,wheel-base,length,width,height,curb-weight,engine-size,bore,stroke,compression-ratio,horsepower,peak-rpm,city-mpg,highway-mpg,make_audi,make_bmw,make_chevrolet,make_dodge,make_honda,make_jaguar,make_mazda,make_mercedes-benz,make_mitsubishi,make_nissan,make_peugot,make_plymouth,make_porsche,make_saab,make_subaru,make_toyota,make_volkswagen,make_volvo,fuel-type_diesel,fuel-type_gas,aspiration_std,aspiration_turbo,num-of-doors_four,num-of-doors_two,body-style_convertible,body-style_hardtop,body-style_hatchback,body-style_sedan,body-style_wagon,drive-wheels_4wd,drive-wheels_fwd,drive-wheels_rwd,engine-location_front,engine-type_dohc,engine-type_l,engine-type_ohc,engine-type_ohcf,engine-type_ohcv,num-of-cylinders_eight,num-of-cylinders_five,num-of-cylinders_four,num-of-cylinders_six,num-of-cylinders_three,fuel-system_1bbl,fuel-system_2bbl,fuel-system_idi,fuel-system_mfi,fuel-system_mpfi,fuel-system_spdi
1,74,95.7,158.7,63.6,54.5,2015,92,3.05,3.03,9.0,62.0,4800,31,38,0,0,0,0,0,0,0,0,0,0,0,0,0,0,0,1,0,0,0,1,1,0,1,0,0,0,1,0,0,0,1,0,1,0,0,1,0,0,0,0,1,0,0,0,1,0,0,0,0
2,134,98.4,176.2,65.6,53.0,2975,146,3.62,3.5,9.3,116.0,4800,24,30,0,0,0,0,0,0,0,0,0,0,0,0,0,0,0,1,0,0,0,1,1,0,0,1,1,0,0,0,0,0,0,1,1,0,0,1,0,0,0,0,1,0,0,0,0,0,0,1,0
-1,137,96.3,172.4,65.4,51.6,2403,110,3.17,3.46,7.5,116.0,5500,23,30,0,0,0,0,0,0,0,0,1,0,0,0,0,0,0,0,0,0,0,1,1,0,1,0,0,0,0,1,0,0,1,0,1,0,0,1,0,0,0,0,1,0,0,0,0,0,0,0,1
0,102,97.2,172.0,65.4,52.5,2340,108,3.62,2.64,9.0,94.0,5200,26,32,0,0,0,0,0,0,0,0,0,0,0,0,0,0,1,0,0,0,0,1,1,0,1,0,0,0,0,1,0,0,1,0,1,0,0,0,1,0,0,0,1,0,0,0,0,0,0,1,0
-1,93,115.6,202.6,71.7,56.3,3770,183,3.58,3.64,21.5,123.0,4350,22,25,0,0,0,0,0,0,0,1,0,0,0,0,0,0,0,0,0,0,1,0,0,1,1,0,0,0,0,1,0,0,0,1,1,0,0,1,0,0,0,1,0,0,0,0,0,1,0,0,0
0,106,97.2,173.4,65.2,54.7,2324,120,3.33,3.47,8.5,97.0,5200,27,34,0,0,0,0,0,0,0,0,0,1,0,0,0,0,0,0,0,0,0,1,1,0,1,0,0,0,1,0,0,0,1,0,1,0,0,1,0,0,0,0,1,0,0,0,1,0,0,0,0
1,104,93.1,159.1,64.2,54.1,1890,91,3.03,3.15,9.0,68.0,5000,30,31,0,0,0,0,0,0,1,0,0,0,0,0,0,0,0,0,0,0,0,1,1,0,0,1,0,0,1,0,0,0,1,0,1,0,0,1,0,0,0,0,1,0,0,0,1,0,0,0,0
1,125,96.3,172.4,65.4,51.6,2405,122,3.35,3.46,8.5,88.0,5000,25,32,0,0,0,0,0,0,0,0,1,0,0,0,0,0,0,0,0,0,0,1,1,0,1,0,0,0,0,1,0,0,1,0,1,0,0,1,0,0,0,0,1,0,0,0,1,0,0,0,0
-1,65,102.4,175.6,66.5,54.9,2326,122,3.31,3.54,8.7,92.0,4200,29,34,0,0,0,0,0,0,0,0,0,0,0,0,0,0,0,1,0,0,0,1,1,0,1,0,0,0,0,1,0,0,1,0,1,0,0,1,0,0,0,0,1,0,0,0,0,0,0,1,0
1,87,95.7,158.7,63.6,54.5,2040,92,3.05,3.03,9.0,62.0,4800,31,38,0,0,0,0,0,0,0,0,0,0,0,0,0,0,0,1,0,0,0,1,1,0,0,1,0,0,1,0,0,0,1,0,1,0,0,1,0,0,0,0,1,0,0,0,1,0,0,0,0
0,89,97.0,173.5,65.4,53.0,2455,108,3.62,2.64,9.0,94.0,5200,25,31,0,0,0,0,0,0,0,0,0,0,0,0,0,0,1,0,0,0,0,1,1,0,1,0,0,0,0,0,1,0,1,0,1,0,0,0,1,0,0,0,1,0,0,0,0,0,0,1,0
-1,95,109.1,188.8,68.9,55.5,2952,141,3.78,3.15,9.5,114.0,5400,23,28,0,0,0,0,0,0,0,0,0,0,0,0,0,0,0,0,0,1,0,1,1,0,1,0,0,0,0,1,0,0,0,1,1,0,0,1,0,0,0,0,1,0,0,0,0,0,0,1,0
1,118,93.7,157.3,63.8,50.8,1876,90,2.97,3.23,9.4,68.0,5500,31,38,0,0,0,1,0,0,0,0,0,0,0,0,0,0,0,0,0,0,0,1,1,0,0,1,0,0,1,0,0,0,1,0,1,0,0,1,0,0,0,0,1,0,0,0,1,0,0,0,0
0,91,95.7,169.7,63.6,59.1,3110,92,3.05,3.03,9.0,62.0,4800,27,32,0,0,0,0,0,0,0,0,0,0,0,0,0,0,0,1,0,0,0,1,1,0,1,0,0,0,0,0,1,1,0,0,1,0,0,1,0,0,0,0,1,0,0,0,1,0,0,0,0
3,194,91.3,170.7,67.9,49.7,3139,181,3.43,3.27,7.8,200.0,5200,17,23,0,0,0,0,0,0,0,0,0,1,0,0,0,0,0,0,0,0,0,1,0,1,0,1,0,0,1,0,0,0,0,1,1,0,0,0,0,1,0,0,0,1,0,0,0,0,0,1,0
0,85,96.5,175.4,65.2,54.1,2304,110,3.15,3.58,9.0,86.0,5800,27,33,0,0,0,0,1,0,0,0,0,0,0,0,0,0,0,0,0,0,0,1,1,0,1,0,0,0,0,1,0,0,1,0,1,0,0,1,0,0,0,0,1,0,0,1,0,0,0,0,0
3,153,96.3,173.0,65.4,49.4,2370,110,3.17,3.46,7.5,116.0,5500,23,30,0,0,0,0,0,0,0,0,1,0,0,0,0,0,0,0,0,0,0,1,0,1,0,1,0,0,1,0,0,0,1,0,1,0,0,1,0,0,0,0,1,0,0,0,0,0,0,0,1
0,91,95.7,166.3,64.4,53.0,2275,110,3.27,3.35,22.5,56.0,4500,34,36,0,0,0,0,0,0,0,0,0,0,0,0,0,0,0,1,0,0,1,0,1,0,1,0,0,0,0,1,0,0,1,0,1,0,0,1,0,0,0,0,1,0,0,0,0,1,0,0,0
-1,65,102.4,175.6,66.5,53.9,2458,122,3.31,3.54,8.7,92.0,4200,27,32,0,0,0,0,0,0,0,0,0,0,0,0,0,0,0,1,0,0,0,1,1,0,1,0,0,0,1,0,0,0,1,0,1,0,0,1,0,0,0,0,1,0,0,0,0,0,0,1,0
-1,110,103.3,174.6,64.6,59.8,2535,122,3.34,3.46,8.5,88.0,5000,24,30,0,0,0,1,0,0,0,0,0,0,0,0,0,0,0,0,0,0,0,1,1,0,1,0,0,0,0,0,1,0,1,0,1,0,0,1,0,0,0,0,1,0,0,0,1,0,0,0,0
0,161,107.9,186.7,68.4,56.7,3020,120,3.46,3.19,8.4,97.0,5000,19,24,0,0,0,0,0,0,0,0,0,0,1,0,0,0,0,0,0,0,0,1,1,0,1,0,0,0,0,1,0,0,0,1,1,0,1,0,0,0,0,0,1,0,0,0,0,0,0,1,0
-1,95,109.1,188.8,68.9,55.5,3217,145,3.01,3.4,23.0,106.0,4800,26,27,0,0,0,0,0,0,0,0,0,0,0,0,0,0,0,0,0,1,1,0,0,1,1,0,0,0,0,1,0,0,0,1,1,0,0,1,0,0,0,0,0,1,0,0,0,1,0,0,0
1,118,93.7,157.3,63.8,50.8,2128,98,3.03,3.39,7.6,102.0,5500,24,30,0,0,0,1,0,0,0,0,0,0,0,0,0,0,0,0,0,0,0,1,0,1,0,1,0,0,1,0,0,0,1,0,1,0,0,1,0,0,0,0,1,0,0,0,0,0,0,1,0
0,161,107.9,186.7,68.4,56.7,3197,152,3.7,3.52,21.0,95.0,4150,28,33,0,0,0,0,0,0,0,0,0,0,1,0,0,0,0,0,0,0,1,0,0,1,1,0,0,0,0,1,0,0,0,1,1,0,1,0,0,0,0,0,1,0,0,0,0,1,0,0,0
3,145,95.9,173.2,66.3,50.2,2811,156,3.6,3.9,7.0,145.0,5000,19,24,0,0,0,1,0,0,0,0,0,0,0,0,0,0,0,0,0,0,0,1,0,1,0,1,0,0,1,0,0,0,1,0,1,0,0,1,0,0,0,0,1,0,0,0,0,0,1,0,0
3,142,96.6,180.3,70.5,50.8,3685,234,3.46,3.1,8.3,155.0,4750,16,18,0,0,0,0,0,0,0,1,0,0,0,0,0,0,0,0,0,0,0,1,1,0,0,1,1,0,0,0,0,0,0,1,1,0,0,0,0,1,1,0,0,0,0,0,0,0,0,1,0
2,104,99.1,186.6,66.5,56.1,2695,121,3.54,3.07,9.3,110.0,5250,21,28,0,0,0,0,0,0,0,0,0,0,0,0,0,1,0,0,0,0,0,1,1,0,1,0,0,0,0,1,0,0,1,0,1,0,0,1,0,0,0,0,1,0,0,0,0,0,0,1,0
2,192,101.2,176.8,64.8,54.3,2395,108,3.5,2.8,8.8,101.0,5800,23,29,0,1,0,0,0,0,0,0,0,0,0,0,0,0,0,0,0,0,0,1,1,0,0,1,0,0,0,1,0,0,0,1,1,0,0,1,0,0,0,0,1,0,0,0,0,0,0,1,0
-1,93,110.0,190.9,70.3,58.7,3750,183,3.58,3.64,21.5,123.0,4350,22,25,0,0,0,0,0,0,0,1,0,0,0,0,0,0,0,0,0,0,1,0,0,1,1,0,0,0,0,0,1,0,0,1,1,0,0,1,0,0,0,1,0,0,0,0,0,1,0,0,0
2,122,97.3,171.7,65.5,55.7,2209,109,3.19,3.4,9.0,85.0,5250,27,34,0,0,0,0,0,0,0,0,0,0,0,0,0,0,0,0,1,0,0,1,1,0,0,1,0,0,0,1,0,0,1,0,1,0,0,1,0,0,0,0,1,0,0,0,0,0,0,1,0
0,115,98.8,177.8,66.5,55.5,2410,122,3.39,3.39,8.6,84.0,4800,26,32,0,0,0,0,0,0,1,0,0,0,0,0,0,0,0,0,0,0,0,1,1,0,1,0,0,0,0,1,0,0,1,0,1,0,0,1,0,0,0,0,1,0,0,0,1,0,0,0,0
1,113,93.1,166.8,64.2,54.1,1945,91,3.03,3.15,9.0,68.0,5000,31,38,0,0,0,0,0,0,1,0,0,0,0,0,0,0,0,0,0,0,0,1,1,0,1,0,0,0,0,1,0,0,1,0,1,0,0,1,0,0,0,0,1,0,0,0,1,0,0,0,0
2,134,98.4,176.2,65.6,52.0,2540,146,3.62,3.5,9.3,116.0,4800,24,30,0,0,0,0,0,0,0,0,0,0,0,0,0,0,0,1,0,0,0,1,1,0,0,1,0,1,0,0,0,0,0,1,1,0,0,1,0,0,0,0,1,0,0,0,0,0,0,1,0
3,256,94.5,165.7,64.0,51.4,2221,109,3.19,3.4,8.5,90.0,5500,24,29,0,0,0,0,0,0,0,0,0,0,0,0,0,0,0,0,1,0,0,1,1,0,0,1,0,0,1,0,0,0,1,0,1,0,0,1,0,0,0,0,1,0,0,0,0,0,0,1,0
-1,74,104.3,188.8,67.2,57.5,3042,141,3.78,3.15,9.5,114.0,5400,24,28,0,0,0,0,0,0,0,0,0,0,0,0,0,0,0,0,0,1,0,1,1,0,1,0,0,0,0,0,1,0,0,1,1,0,0,1,0,0,0,0,1,0,0,0,0,0,0,1,0
2,94,97.3,171.7,65.5,55.7,2300,109,3.19,3.4,10.0,100.0,5500,26,32,0,0,0,0,0,0,0,0,0,0,0,0,0,0,0,0,1,0,0,1,1,0,1,0,0,0,0,1,0,0,1,0,1,0,0,1,0,0,0,0,1,0,0,0,0,0,0,1,0
1,168,94.5,168.7,64.0,52.6,2169,98,3.19,3.03,9.0,70.0,4800,29,34,0,0,0,0,0,0,0,0,0,0,0,0,0,0,0,1,0,0,0,1,1,0,0,1,0,0,0,1,0,0,0,1,1,0,0,1,0,0,0,0,1,0,0,0,1,0,0,0,0
1,158,105.8,192.7,71.4,55.7,2844,136,3.19,3.4,8.5,110.0,5500,19,25,1,0,0,0,0,0,0,0,0,0,0,0,0,0,0,0,0,0,0,1,1,0,1,0,0,0,0,1,0,0,1,0,1,0,0,1,0,0,0,1,0,0,0,0,0,0,0,1,0
1,168,94.5,168.7,64.0,52.6,2204,98,3.19,3.03,9.0,70.0,4800,29,34,0,0,0,0,0,0,0,0,0,0,0,0,0,0,0,1,0,0,0,1,1,0,0,1,0,0,1,0,0,0,0,1,1,0,0,1,0,0,0,0,1,0,0,0,1,0,0,0,0
0,77,95.7,169.7,63.6,59.1,2280,92,3.05,3.03,9.0,62.0,4800,31,37,0,0,0,0,0,0,0,0,0,0,0,0,0,0,0,1,0,0,0,1,1,0,1,0,0,0,0,0,1,0,1,0,1,0,0,1,0,0,0,0,1,0,0,0,1,0,0,0,0
0,188,101.2,176.8,64.8,54.3,2710,164,3.31,3.19,9.0,121.0,4250,21,28,0,1,0,0,0,0,0,0,0,0,0,0,0,0,0,0,0,0,0,1,1,0,0,1,0,0,0,1,0,0,0,1,1,0,0,1,0,0,0,0,0,1,0,0,0,0,0,1,0
2,164,99.8,176.6,66.2,54.3,2337,109,3.19,3.4,10.0,102.0,5500,24,30,1,0,0,0,0,0,0,0,0,0,0,0,0,0,0,0,0,0,0,1,1,0,1,0,0,0,0,1,0,0,1,0,1,0,0,1,0,0,0,0,1,0,0,0,0,0,0,1,0
0,91,95.7,166.3,64.4,53.0,2094,98,3.19,3.03,9.0,70.0,4800,38,47,0,0,0,0,0,0,0,0,0,0,0,0,0,0,0,1,0,0,0,1,1,0,1,0,0,0,0,1,0,0,1,0,1,0,0,1,0,0,0,0,1,0,0,0,1,0,0,0,0
1,128,94.5,165.6,63.8,53.3,2028,97,3.15,3.29,9.4,69.0,5200,31,37,0,0,0,0,0,0,0,0,0,1,0,0,0,0,0,0,0,0,0,1,1,0,0,1,0,0,1,0,0,0,1,0,1,0,0,1,0,0,0,0,1,0,0,0,1,0,0,0,0
1,125,96.3,172.4,65.4,51.6,2365,122,3.35,3.46,8.5,88.0,5000,25,32,0,0,0,0,0,0,0,0,1,0,0,0,0,0,0,0,0,0,0,1,1,0,1,0,0,0,0,1,0,0,1,0,1,0,0,1,0,0,0,0,1,0,0,0,1,0,0,0,0
1,119,93.7,157.3,63.8,50.8,2128,98,3.03,3.39,7.6,102.0,5500,24,30,0,0,0,0,0,0,0,0,0,0,0,1,0,0,0,0,0,0,0,1,0,1,0,1,0,0,1,0,0,0,1,0,1,0,0,1,0,0,0,0,1,0,0,0,0,0,0,0,1
1,154,93.7,167.3,63.8,50.8,2191,98,2.97,3.23,9.4,68.0,5500,31,38,0,0,0,0,0,0,0,0,0,0,0,1,0,0,0,0,0,0,0,1,1,0,1,0,0,0,0,1,0,0,1,0,1,0,0,1,0,0,0,0,1,0,0,0,1,0,0,0,0
0,93,106.7,187.5,70.3,54.9,3495,183,3.58,3.64,21.5,123.0,4350,22,25,0,0,0,0,0,0,0,1,0,0,0,0,0,0,0,0,0,0,1,0,0,1,0,1,0,1,0,0,0,0,0,1,1,0,0,1,0,0,0,1,0,0,0,0,0,1,0,0,0
1,122,94.5,165.3,63.8,54.5,1938,97,3.15,3.29,9.4,69.0,5200,31,37,0,0,0,0,0,0,0,0,0,1,0,0,0,0,0,0,0,0,0,1,1,0,1,0,0,0,0,1,0,0,1,0,1,0,0,1,0,0,0,0,1,0,0,0,1,0,0,0,0
3,194,91.3,170.7,67.9,49.7,3071,181,3.43,3.27,9.0,160.0,5200,19,25,0,0,0,0,0,0,0,0,0,1,0,0,0,0,0,0,0,0,0,1,1,0,0,1,0,0,1,0,0,0,0,1,1,0,0,0,0,1,0,0,0,1,0,0,0,0,0,1,0
1,168,94.5,168.7,64.0,52.6,2300,98,3.24,3.08,9.4,112.0,6600,26,29,0,0,0,0,0,0,0,0,0,0,0,0,0,0,0,1,0,0,0,1,1,0,0,1,0,0,1,0,0,0,0,1,1,1,0,0,0,0,0,0,1,0,0,0,0,0,0,1,0
2,83,93.3,157.3,63.8,55.7,2240,108,3.62,2.64,8.7,73.0,4400,26,31,0,0,0,0,0,0,0,0,0,0,0,0,0,0,1,0,0,0,0,1,1,0,0,1,0,0,1,0,0,1,0,0,1,0,0,0,1,0,0,0,1,0,0,0,1,0,0,0,0
0,85,96.9,173.6,65.4,54.9,2420,108,3.62,2.64,9.0,82.0,4800,23,29,0,0,0,0,0,0,0,0,0,0,0,0,0,0,1,0,0,0,0,1,1,0,1,0,0,0,0,0,1,1,0,0,1,0,0,0,1,0,0,0,1,0,0,0,1,0,0,0,0
3,150,99.1,186.6,66.5,56.1,2808,121,3.54,3.07,9.0,160.0,5500,19,26,0,0,0,0,0,0,0,0,0,0,0,0,0,1,0,0,0,0,0,1,0,1,0,1,0,0,1,0,0,0,1,0,1,1,0,0,0,0,0,0,1,0,0,0,0,0,0,1,0
0,81,94.5,158.8,63.6,52.0,1909,90,3.03,3.11,9.6,70.0,5400,38,43,0,0,1,0,0,0,0,0,0,0,0,0,0,0,0,0,0,0,0,1,1,0,1,0,0,0,0,1,0,0,1,0,1,0,0,1,0,0,0,0,1,0,0,0,1,0,0,0,0
1,104,93.1,159.1,64.2,54.1,1900,91,3.03,3.15,9.0,68.0,5000,31,38,0,0,0,0,0,0,1,0,0,0,0,0,0,0,0,0,0,0,0,1,1,0,0,1,0,0,1,0,0,0,1,0,1,0,0,1,0,0,0,0,1,0,0,0,1,0,0,0,0
0,145,113.0,199.6,69.6,52.8,4066,258,3.63,4.17,8.1,176.0,4750,15,19,0,0,0,0,0,1,0,0,0,0,0,0,0,0,0,0,0,0,0,1,1,0,1,0,0,0,0,1,0,0,0,1,1,1,0,0,0,0,0,0,0,1,0,0,0,0,0,1,0
2,134,98.4,176.2,65.6,52.0,2714,146,3.62,3.5,9.3,116.0,4800,24,30,0,0,0,0,0,0,0,0,0,0,0,0,0,0,0,1,0,0,0,1,1,0,0,1,0,0,1,0,0,0,0,1,1,0,0,1,0,0,0,0,1,0,0,0,0,0,0,1,0
1,129,98.8,177.8,66.5,53.7,2385,122,3.39,3.39,8.6,84.0,4800,26,32,0,0,0,0,0,0,1,0,0,0,0,0,0,0,0,0,0,0,0,1,1,0,0,1,0,0,1,0,0,0,1,0,1,0,0,1,0,0,0,0,1,0,0,0,1,0,0,0,0
0,161,108.0,186.7,68.3,56.0,3130,134,3.61,3.21,7.0,142.0,5600,18,24,0,0,0,0,0,0,0,0,0,0,1,0,0,0,0,0,0,0,0,1,0,1,1,0,0,0,0,1,0,0,0,1,1,0,1,0,0,0,0,0,1,0,0,0,0,0,0,1,0
0,91,95.7,166.3,64.4,52.8,2122,98,3.19,3.03,9.0,70.0,4800,28,34,0,0,0,0,0,0,0,0,0,0,0,0,0,0,0,1,0,0,0,1,1,0,1,0,0,0,1,0,0,0,1,0,1,0,0,1,0,0,0,0,1,0,0,0,1,0,0,0,0
-1,95,109.1,188.8,68.9,55.5,3062,141,3.78,3.15,9.5,114.0,5400,19,25,0,0,0,0,0,0,0,0,0,0,0,0,0,0,0,0,0,1,0,1,0,1,1,0,0,0,0,1,0,0,0,1,1,0,0,1,0,0,0,0,1,0,0,0,0,0,0,1,0
0,106,96.5,167.5,65.2,53.3,2289,110,3.15,3.58,9.0,86.0,5800,27,33,0,0,0,0,1,0,0,0,0,0,0,0,0,0,0,0,0,0,0,1,1,0,0,1,0,0,1,0,0,0,1,0,1,0,0,1,0,0,0,0,1,0,0,1,0,0,0,0,0
1,101,93.7,150.0,64.0,52.6,1956,92,2.91,3.41,9.2,76.0,6000,30,34,0,0,0,0,1,0,0,0,0,0,0,0,0,0,0,0,0,0,0,1,1,0,0,1,0,0,1,0,0,0,1,0,1,0,0,1,0,0,0,0,1,0,0,1,0,0,0,0,0
1,103,94.5,170.2,63.8,53.5,2037,97,3.15,3.29,9.4,69.0,5200,31,37,0,0,0,0,0,0,0,0,0,1,0,0,0,0,0,0,0,0,0,1,1,0,1,0,0,0,0,0,1,0,1,0,1,0,0,1,0,0,0,0,1,0,0,0,1,0,0,0,0
1,98,94.5,155.9,63.6,52.0,1874,90,3.03,3.11,9.6,70.0,5400,38,43,0,0,1,0,0,0,0,0,0,0,0,0,0,0,0,0,0,0,0,1,1,0,0,1,0,0,1,0,0,0,1,0,1,0,0,1,0,0,0,0,1,0,0,0,1,0,0,0,0
-1,65,102.4,175.6,66.5,54.9,2414,122,3.31,3.54,8.7,92.0,4200,27,32,0,0,0,0,0,0,0,0,0,0,0,0,0,0,0,1,0,0,0,1,1,0,1,0,0,0,0,1,0,0,1,0,1,0,0,1,0,0,0,0,1,0,0,0,0,0,0,1,0
0,102,97.0,172.0,65.4,54.3,2510,108,3.62,2.64,7.7,111.0,4800,24,29,0,0,0,0,0,0,0,0,0,0,0,0,0,0,1,0,0,0,0,1,0,1,1,0,0,0,0,1,0,1,0,0,1,0,0,0,1,0,0,0,1,0,0,0,0,0,0,1,0
0,91,95.7,166.3,64.4,52.8,2109,98,3.19,3.03,9.0,70.0,4800,30,37,0,0,0,0,0,0,0,0,0,0,0,0,0,0,0,1,0,0,0,1,1,0,1,0,0,0,1,0,0,0,1,0,1,0,0,1,0,0,0,0,1,0,0,0,1,0,0,0,0
3,197,102.9,183.5,67.7,52.0,3016,171,3.27,3.35,9.3,161.0,5200,19,24,0,0,0,0,0,0,0,0,0,0,0,0,0,0,0,1,0,0,0,1,1,0,0,1,0,0,1,0,0,0,0,1,1,1,0,0,0,0,0,0,0,1,0,0,0,0,0,1,0
1,154,93.7,167.3,63.8,50.8,1989,90,2.97,3.23,9.4,68.0,5500,31,38,0,0,0,0,0,0,0,0,0,0,0,1,0,0,0,0,0,0,0,1,1,0,1,0,0,0,0,1,0,0,1,0,1,0,0,1,0,0,0,0,1,0,0,0,1,0,0,0,0
2,83,93.7,157.9,63.6,53.7,2120,108,3.62,2.64,8.7,73.0,4400,26,31,0,0,0,0,0,0,0,0,0,0,0,0,0,0,1,0,0,0,0,1,1,0,0,1,0,0,1,0,0,0,1,0,1,0,0,0,1,0,0,0,1,0,0,0,1,0,0,0,0
-2,103,104.3,188.8,67.2,56.2,2912,141,3.78,3.15,9.5,114.0,5400,23,28,0,0,0,0,0,0,0,0,0,0,0,0,0,0,0,0,0,1,0,1,1,0,1,0,0,0,0,1,0,0,0,1,1,0,0,1,0,0,0,0,1,0,0,0,0,0,0,1,0
0,91,95.7,166.3,64.4,52.8,2275,110,3.27,3.35,22.5,56.0,4500,38,47,0,0,0,0,0,0,0,0,0,0,0,0,0,0,0,1,0,0,1,0,1,0,1,0,0,0,1,0,0,0,1,0,1,0,0,1,0,0,0,0,1,0,0,0,0,1,0,0,0
1,128,94.5,165.3,63.8,54.5,1951,97,3.15,3.29,9.4,69.0,5200,31,37,0,0,0,0,0,0,0,0,0,1,0,0,0,0,0,0,0,0,0,1,1,0,0,1,0,0,0,1,0,0,1,0,1,0,0,1,0,0,0,0,1,0,0,0,1,0,0,0,0
1,148,93.7,157.3,63.8,50.6,1989,90,2.97,3.23,9.4,68.0,5500,31,38,0,0,0,1,0,0,0,0,0,0,0,0,0,0,0,0,0,0,0,1,1,0,1,0,0,0,0,1,0,0,1,0,1,0,0,1,0,0,0,0,1,0,0,0,1,0,0,0,0
0,161,107.9,186.7,68.4,56.7,3252,152,3.7,3.52,21.0,95.0,4150,28,33,0,0,0,0,0,0,0,0,0,0,1,0,0,0,0,0,0,0,1,0,0,1,1,0,0,0,0,1,0,0,0,1,1,0,1,0,0,0,0,0,1,0,0,0,0,1,0,0,0
0,115,98.8,177.8,66.5,55.5,2410,122,3.39,3.39,8.6,84.0,4800,26,32,0,0,0,0,0,0,1,0,0,0,0,0,0,0,0,0,0,0,0,1,1,0,1,0,0,0,0,1,0,0,1,0,1,0,0,1,0,0,0,0,1,0,0,0,1,0,0,0,0
1,87,95.7,158.7,63.6,54.5,1985,92,3.05,3.03,9.0,62.0,4800,35,39,0,0,0,0,0,0,0,0,0,0,0,0,0,0,0,1,0,0,0,1,1,0,0,1,0,0,1,0,0,0,1,0,1,0,0,1,0,0,0,0,1,0,0,0,1,0,0,0,0
0,161,107.9,186.7,68.4,56.7,3252,152,3.7,3.52,21.0,95.0,4150,28,33,0,0,0,0,0,0,0,0,0,0,1,0,0,0,0,0,0,0,1,0,0,1,1,0,0,0,0,1,0,0,0,1,1,0,1,0,0,0,0,0,1,0,0,0,0,1,0,0,0
1,161,93.0,157.3,63.8,50.8,2145,98,3.03,3.39,7.6,102.0,5500,24,30,0,0,0,0,0,0,0,0,1,0,0,0,0,0,0,0,0,0,0,1,0,1,0,1,0,0,1,0,0,0,1,0,1,0,0,1,0,0,0,0,1,0,0,0,0,0,0,0,1
0,106,96.5,167.5,65.2,53.3,2236,110,3.15,3.58,9.0,86.0,5800,27,33,0,0,0,0,1,0,0,0,0,0,0,0,0,0,0,0,0,0,0,1,1,0,0,1,0,0,1,0,0,0,1,0,1,0,0,1,0,0,0,0,1,0,0,1,0,0,0,0,0
1,231,99.2,178.5,67.9,49.7,3139,181,3.43,3.27,9.0,160.0,5200,19,25,0,0,0,0,0,0,0,0,0,1,0,0,0,0,0,0,0,0,0,1,1,0,0,1,0,0,1,0,0,0,0,1,1,0,0,0,0,1,0,0,0,1,0,0,0,0,0,1,0
0,118,104.9,175.0,66.1,54.4,2670,140,3.76,3.16,8.0,120.0,5000,19,27,0,0,0,0,0,0,1,0,0,0,0,0,0,0,0,0,0,0,0,1,1,0,1,0,0,0,0,1,0,0,0,1,1,0,0,1,0,0,0,0,1,0,0,0,0,0,0,1,0
0,81,95.7,169.7,63.6,59.1,2290,92,3.05,3.03,9.0,62.0,4800,27,32,0,0,0,0,0,0,0,0,0,0,0,0,0,0,0,1,0,0,0,1,1,0,1,0,0,0,0,0,1,1,0,0,1,0,0,1,0,0,0,0,1,0,0,0,1,0,0,0,0
0,110,96.5,163.4,64.0,54.5,2010,92,2.91,3.41,9.2,76.0,6000,30,34,0,0,0,0,1,0,0,0,0,0,0,0,0,0,0,0,0,0,0,1,1,0,1,0,0,0,0,1,0,0,1,0,1,0,0,1,0,0,0,0,1,0,0,1,0,0,0,0,0
-2,103,104.3,188.8,67.2,56.2,3045,130,3.62,3.15,7.5,162.0,5100,17,22,0,0,0,0,0,0,0,0,0,0,0,0,0,0,0,0,0,1,0,1,0,1,1,0,0,0,0,1,0,0,0,1,1,0,0,1,0,0,0,0,1,0,0,0,0,0,0,1,0
1,168,94.5,168.7,64.0,52.6,2265,98,3.24,3.08,9.4,112.0,6600,26,29,0,0,0,0,0,0,0,0,0,0,0,0,0,0,0,1,0,0,0,1,1,0,0,1,0,0,0,1,0,0,0,1,1,1,0,0,0,0,0,0,1,0,0,0,0,0,0,1,0
-1,74,104.3,188.8,67.2,57.5,3034,141,3.78,3.15,9.5,114.0,5400,23,28,0,0,0,0,0,0,0,0,0,0,0,0,0,0,0,0,0,1,0,1,1,0,1,0,0,0,0,0,1,0,0,1,1,0,0,1,0,0,0,0,1,0,0,0,0,0,0,1,0
2,161,93.7,157.3,64.4,50.8,1918,92,2.97,3.23,9.4,68.0,5500,37,41,0,0,0,0,0,0,0,0,1,0,0,0,0,0,0,0,0,0,0,1,1,0,0,1,0,0,1,0,0,0,1,0,1,0,0,1,0,0,0,0,1,0,0,0,1,0,0,0,0
1,101,93.7,150.0,64.0,52.6,1837,79,2.91,3.07,10.1,60.0,5500,38,42,0,0,0,0,1,0,0,0,0,0,0,0,0,0,0,0,0,0,0,1,1,0,0,1,0,0,1,0,0,0,1,0,1,0,0,1,0,0,0,0,1,0,0,1,0,0,0,0,0
0,106,97.2,173.4,65.2,54.7,2302,120,3.33,3.47,8.5,97.0,5200,27,34,0,0,0,0,0,0,0,0,0,1,0,0,0,0,0,0,0,0,0,1,1,0,1,0,0,0,0,1,0,0,1,0,1,0,0,1,0,0,0,0,1,0,0,0,1,0,0,0,0
1,158,105.8,192.7,71.4,55.9,3086,131,3.13,3.4,8.3,140.0,5500,17,20,1,0,0,0,0,0,0,0,0,0,0,0,0,0,0,0,0,0,0,1,0,1,1,0,0,0,0,1,0,0,1,0,1,0,0,1,0,0,0,1,0,0,0,0,0,0,0,1,0
-2,103,104.3,188.8,67.2,56.2,2935,141,3.78,3.15,9.5,114.0,5400,24,28,0,0,0,0,0,0,0,0,0,0,0,0,0,0,0,0,0,1,0,1,1,0,1,0,0,0,0,1,0,0,0,1,1,0,0,1,0,0,0,0,1,0,0,0,0,0,0,1,0
0,85,96.5,175.4,65.2,54.1,2465,110,3.15,3.58,9.0,101.0,5800,24,28,0,0,0,0,1,0,0,0,0,0,0,0,0,0,0,0,0,0,0,1,1,0,1,0,0,0,0,1,0,0,1,0,1,0,0,1,0,0,0,0,1,0,0,0,0,0,0,1,0
-1,95,109.1,188.8,68.9,55.5,3012,173,3.58,2.87,8.8,134.0,5500,18,23,0,0,0,0,0,0,0,0,0,0,0,0,0,0,0,0,0,1,0,1,1,0,1,0,0,0,0,1,0,0,0,1,1,0,0,0,0,1,0,0,0,1,0,0,0,0,0,1,0
0,91,95.7,166.3,64.4,52.8,2140,98,3.19,3.03,9.0,70.0,4800,28,34,0,0,0,0,0,0,0,0,0,0,0,0,0,0,0,1,0,0,0,1,1,0,1,0,0,0,0,1,0,0,1,0,1,0,0,1,0,0,0,0,1,0,0,0,1,0,0,0,0
0,91,95.7,166.3,64.4,53.0,2081,98,3.19,3.03,9.0,70.0,4800,30,37,0,0,0,0,0,0,0,0,0,0,0,0,0,0,0,1,0,0,0,1,1,0,1,0,0,0,0,1,0,0,1,0,1,0,0,1,0,0,0,0,1,0,0,0,1,0,0,0,0
2,121,88.4,141.1,60.3,53.2,1488,61,2.91,3.03,9.5,48.0,5100,47,53,0,0,1,0,0,0,0,0,0,0,0,0,0,0,0,0,0,0,0,1,1,0,0,1,0,0,1,0,0,0,1,0,1,0,1,0,0,0,0,0,0,0,1,0,1,0,0,0,0
1,128,94.5,165.3,63.8,54.5,2017,103,2.99,3.47,21.9,55.0,4800,45,50,0,0,0,0,0,0,0,0,0,1,0,0,0,0,0,0,0,0,1,0,1,0,0,1,0,0,0,1,0,0,1,0,1,0,0,1,0,0,0,0,1,0,0,0,0,1,0,0,0
2,134,98.4,176.2,65.6,52.0,2551,146,3.62,3.5,9.3,116.0,4800,24,30,0,0,0,0,0,0,0,0,0,0,0,0,0,0,0,1,0,0,0,1,1,0,0,1,0,0,1,0,0,0,0,1,1,0,0,1,0,0,0,0,1,0,0,0,0,0,0,1,0
2,164,99.4,176.6,66.4,54.3,2824,136,3.19,3.4,8.0,115.0,5500,18,22,1,0,0,0,0,0,0,0,0,0,0,0,0,0,0,0,0,0,0,1,1,0,1,0,0,0,0,1,0,1,0,0,1,0,0,1,0,0,0,1,0,0,0,0,0,0,0,1,0
1,125,96.3,172.4,65.4,51.6,2403,110,3.17,3.46,7.5,116.0,5500,23,30,0,0,0,0,0,0,0,0,1,0,0,0,0,0,0,0,0,0,0,1,0,1,1,0,0,0,0,1,0,0,1,0,1,0,0,1,0,0,0,0,1,0,0,0,0,0,0,0,1
1,101,93.7,150.0,64.0,52.6,1940,92,2.91,3.41,9.2,76.0,6000,30,34,0,0,0,0,1,0,0,0,0,0,0,0,0,0,0,0,0,0,0,1,1,0,0,1,0,0,1,0,0,0,1,0,1,0,0,1,0,0,0,0,1,0,0,1,0,0,0,0,0
1,128,94.5,165.3,63.8,54.5,1918,97,3.15,3.29,9.4,69.0,5200,31,37,0,0,0,0,0,0,0,0,0,1,0,0,0,0,0,0,0,0,0,1,1,0,0,1,0,0,0,1,0,0,1,0,1,0,0,1,0,0,0,0,1,0,0,0,1,0,0,0,0
1,103,94.5,170.2,63.8,53.5,2024,97,3.15,3.29,9.4,69.0,5200,31,37,0,0,0,0,0,0,0,0,0,1,0,0,0,0,0,0,0,0,0,1,1,0,1,0,0,0,0,0,1,0,1,0,1,0,0,1,0,0,0,0,1,0,0,0,1,0,0,0,0
0,188,101.2,176.8,64.8,54.3,2765,164,3.31,3.19,9.0,121.0,4250,21,28,0,1,0,0,0,0,0,0,0,0,0,0,0,0,0,0,0,0,0,1,1,0,1,0,0,0,0,1,0,0,0,1,1,0,0,1,0,0,0,0,0,1,0,0,0,0,0,1,0
-1,95,109.1,188.8,68.8,55.5,3049,141,3.78,3.15,8.7,160.0,5300,19,25,0,0,0,0,0,0,0,0,0,0,0,0,0,0,0,0,0,1,0,1,0,1,1,0,0,0,0,1,0,0,0,1,1,0,0,1,0,0,0,0,1,0,0,0,0,0,0,1,0
1,154,93.7,157.3,63.8,50.6,1967,90,2.97,3.23,9.4,68.0,5500,31,38,0,0,0,0,0,0,0,0,0,0,0,1,0,0,0,0,0,0,0,1,1,0,1,0,0,0,1,0,0,0,1,0,1,0,0,1,0,0,0,0,1,0,0,0,1,0,0,0,0
2,104,99.1,186.6,66.5,56.1,2847,121,3.54,3.07,9.0,160.0,5500,19,26,0,0,0,0,0,0,0,0,0,0,0,0,0,1,0,0,0,0,0,1,0,1,1,0,0,0,0,1,0,0,1,0,1,1,0,0,0,0,0,0,1,0,0,0,0,0,0,1,0
2,168,95.1,162.4,63.8,53.3,2008,97,3.15,3.29,9.4,69.0,5200,31,37,0,0,0,0,0,0,0,0,0,1,0,0,0,0,0,0,0,0,0,1,1,0,0,1,0,1,0,0,0,0,1,0,1,0,0,1,0,0,0,0,1,0,0,0,1,0,0,0,0
2,161,93.7,157.3,64.4,50.8,1944,92,2.97,3.23,9.4,68.0,5500,31,38,0,0,0,0,0,0,0,0,1,0,0,0,0,0,0,0,0,0,0,1,1,0,0,1,0,0,1,0,0,0,1,0,1,0,0,1,0,0,0,0,1,0,0,0,1,0,0,0,0
2,94,97.3,171.7,65.5,55.7,2264,97,3.01,3.4,23.0,52.0,4800,37,46,0,0,0,0,0,0,0,0,0,0,0,0,0,0,0,0,1,0,1,0,1,0,1,0,0,0,0,1,0,0,1,0,1,0,0,1,0,0,0,0,1,0,0,0,0,1,0,0,0
-1,90,104.5,187.8,66.5,54.1,3131,171,3.27,3.35,9.2,156.0,5200,20,24,0,0,0,0,0,0,0,0,0,0,0,0,0,0,0,1,0,0,0,1,1,0,1,0,0,0,0,1,0,0,0,1,1,1,0,0,0,0,0,0,0,1,0,0,0,0,0,1,0
0,102,97.2,172.0,65.4,52.5,2190,108,3.62,2.64,9.5,82.0,4400,28,33,0,0,0,0,0,0,0,0,0,0,0,0,0,0,1,0,0,0,0,1,1,0,1,0,0,0,0,1,0,0,1,0,1,0,0,0,1,0,0,0,1,0,0,0,1,0,0,0,0
2,137,86.6,144.6,63.9,50.8,1819,92,2.91,3.41,9.2,76.0,6000,31,38,0,0,0,0,1,0,0,0,0,0,0,0,0,0,0,0,0,0,0,1,1,0,0,1,0,0,1,0,0,0,1,0,1,0,0,1,0,0,0,0,1,0,0,1,0,0,0,0,0
0,78,96.5,157.1,63.9,58.3,2024,92,2.92,3.41,9.2,76.0,6000,30,34,0,0,0,0,1,0,0,0,0,0,0,0,0,0,0,0,0,0,0,1,1,0,1,0,0,0,0,0,1,0,1,0,1,0,0,1,0,0,0,0,1,0,0,1,0,0,0,0,0
-1,65,102.4,175.6,66.5,53.9,2414,122,3.31,3.54,8.7,92.0,4200,27,32,0,0,0,0,0,0,0,0,0,0,0,0,0,0,0,1,0,0,0,1,1,0,1,0,0,0,1,0,0,0,1,0,1,0,0,1,0,0,0,0,1,0,0,0,0,0,0,1,0
0,128,100.4,181.7,66.5,55.1,3095,181,3.43,3.27,9.0,152.0,5200,17,22,0,0,0,0,0,0,0,0,0,1,0,0,0,0,0,0,0,0,0,1,1,0,1,0,0,0,0,1,0,0,1,0,1,0,0,0,0,1,0,0,0,1,0,0,0,0,0,1,0
2,134,98.4,176.2,65.6,52.0,2679,146,3.62,3.5,9.3,116.0,4800,24,30,0,0,0,0,0,0,0,0,0,0,0,0,0,0,0,1,0,0,0,1,1,0,0,1,0,1,0,0,0,0,0,1,1,0,0,1,0,0,0,0,1,0,0,0,0,0,0,1,0
2,94,97.3,171.7,65.5,55.7,2275,109,3.19,3.4,9.0,85.0,5250,27,34,0,0,0,0,0,0,0,0,0,0,0,0,0,0,0,0,1,0,0,1,1,0,1,0,0,0,0,1,0,0,1,0,1,0,0,1,0,0,0,0,1,0,0,0,0,0,0,1,0
0,161,107.9,186.7,68.4,56.7,3075,120,3.46,2.19,8.4,95.0,5000,19,24,0,0,0,0,0,0,0,0,0,0,1,0,0,0,0,0,0,0,0,1,1,0,1,0,0,0,0,1,0,0,0,1,1,0,1,0,0,0,0,0,1,0,0,0,0,0,0,1,0
-1,65,102.4,175.6,66.5,54.9,2480,110,3.27,3.35,22.5,73.0,4500,30,33,0,0,0,0,0,0,0,0,0,0,0,0,0,0,0,1,0,0,1,0,0,1,1,0,0,0,0,1,0,0,1,0,1,0,0,1,0,0,0,0,1,0,0,0,0,1,0,0,0
3,197,102.9,183.5,67.7,52.0,2976,171,3.27,3.35,9.3,161.0,5200,20,24,0,0,0,0,0,0,0,0,0,0,0,0,0,0,0,1,0,0,0,1,1,0,0,1,0,0,1,0,0,0,0,1,1,1,0,0,0,0,0,0,0,1,0,0,0,0,0,1,0
0,108,100.4,184.6,66.5,56.1,3296,181,3.43,3.27,9.0,152.0,5200,17,22,0,0,0,0,0,0,0,0,0,1,0,0,0,0,0,0,0,0,0,1,1,0,1,0,0,0,0,0,1,0,1,0,1,0,0,0,0,1,0,0,0,1,0,0,0,0,0,1,0
2,122,97.3,171.7,65.5,55.7,2261,97,3.01,3.4,23.0,52.0,4800,37,46,0,0,0,0,0,0,0,0,0,0,0,0,0,0,0,0,1,0,1,0,1,0,0,1,0,0,0,1,0,0,1,0,1,0,0,1,0,0,0,0,1,0,0,0,0,1,0,0,0
1,113,93.1,166.8,64.2,54.1,1950,91,3.08,3.15,9.0,68.0,5000,31,38,0,0,0,0,0,0,1,0,0,0,0,0,0,0,0,0,0,0,0,1,1,0,1,0,0,0,0,1,0,0,1,0,1,0,0,1,0,0,0,0,1,0,0,0,1,0,0,0,0
